model_type,train_acc,val_acc,test_acc
cnn,0.8225499987602234,0.7789000272750854,0.7900000214576721
